caret-down	0
caret-right	1
gear	2
microphone	3
microphone-slash	4
headphones	5
headphones-slash	6
push-pin	7
users	8
user-plus	9
user-circle	10
magnifying-glass	11
plus	12
plus-circle	13
x	14
smiley	15
bell	16
phone	17
phone-call	18
phone-disconnect	19
video-camera	20
video-camera-slash	21
monitor-arrow-up	22
rocket-launch	23
waveform	24
arrow-bend-up-left	25
pencil-simple	26
dots-three	27
tray	28
question	29
arrow-clockwise	30
chats	31
speaker-high	32
hash	33
chat-centered-text	34
paper-plane-right	35
arrow-square-out	36
github-logo	37
twitch-logo	38
steam-logo	39
spotify-logo	40
youtube-logo	41
x-logo	42
reddit-logo	43
facebook-logo	44
instagram-logo	45
tiktok-logo	46
paypal-logo	47
amazon-logo	48
mastodon-logo	49
skype-logo	50
game-controller	51
television	52
globe	53
link	54
copy	55
seal-check	56
calendar-blank	57
tesktop-mark	58
file	59
file-image	60
file-pdf	61
file-zip	62
file-text	63
file-code	64
file-audio	65
file-video	66
trash	67
arrow-down	68
arrow-up	69
check	70
gif	71
star	72
star-fill	73
fire	74
arrow-left	75
folder	76
folder-open	77
caret-left	78
download-simple	79
arrow-right	80
image	81
sparkle	82
compass	83
megaphone-simple	84
shield-warning	85
crown	86
chart-bar	87
shopping-cart-simple	88
lock-simple	89
eye-slash	90
sliders-horizontal	91
arrows-down-up	92
thread	93
device-mobile	94
playstation	95
battle-net	96
epic-games	97
league-of-legends	98
riot-games	99
bungie	100
roblox	101
crunchyroll	102
ebay	103
bluesky	104
ingtoninator	105
reverse-message	106
signature	107
